Dot Net Developer,http://www.jobsnepal.com/job/dot-net-developer/111268
QA,http://www.jobsnepal.com/job/qa/111254
Graphics Designer,http://www.jobsnepal.com/job/graphics-designer/111257
Back-end Developer,http://www.jobsnepal.com/job/back-end-developer/111255
UI/UX Designer,http://www.jobsnepal.com/job/ui-ux-designer/111256
React Redux Developer,http://www.jobsnepal.com/job/react-redux-developer/111251
Project Coordinator/Project Director/Meal Senior Project Officer,http://www.jobsnepal.com/job/project-coordinator-project-director-meal-senior-project-officer/111241
Audit,http://www.jobsnepal.com/job/audit/111253
Telecaller,http://www.jobsnepal.com/job/telecaller/111252
Counselor Head,http://www.jobsnepal.com/job/counselor-head/111250
Counselor,http://www.jobsnepal.com/job/counselor/111249
Counselling (Male/Female),http://www.jobsnepal.com/job/counselling-male-female/111248
Receptionist,http://www.jobsnepal.com/job/receptionist/111247
PHP Programmer,http://www.jobsnepal.com/job/php-programmer/111245
SEO Experts,http://www.jobsnepal.com/job/seo-experts/111243
Node JS developer,http://www.jobsnepal.com/job/node-js-developer/111242
PHP Developer,http://www.jobsnepal.com/job/php-developer/111240
Receptionist,http://www.jobsnepal.com/job/receptionist/111239
Software QA/QC Engineer,http://www.jobsnepal.com/job/software-qa-qc-engineer/111238
Senior Web Designers,http://www.jobsnepal.com/job/senior-web-designers/111237
Consultant for assessment of integrated settlement assessment,http://www.jobsnepal.com/job/consultant-for-assessment-of-integrated-settlement-assessment/111236
Business development Officer/Field cooperative instructor,http://www.jobsnepal.com/job/business-development-officer-field-cooperative-instructor/111246
Sr .Net Developer,http://www.jobsnepal.com/job/sr-net-developer/111244
Site Engineer/Shelter Officer,http://www.jobsnepal.com/job/site-engineer-shelter-officer/111229
Marketing Officers,http://www.jobsnepal.com/job/marketing-officers/111235
Data Migration and Quality Assurance,http://www.jobsnepal.com/job/data-migration-and-quality-assurance/111234
Account Support Officer,http://www.jobsnepal.com/job/account-support-officer/111233
Front Office Representative / Receptionist,http://www.jobsnepal.com/job/front-office-representative-receptionist/111232
HR Executive,http://www.jobsnepal.com/job/hr-executive/111231
स्वोर कलाकार,http://www.jobsnepal.com/job/digital-broadcast-initiative-equal-access-nepal/111230
Dot Net Developer,http://www.jobsnepal.com/job/dot-net-developer/111268
Site Engineer/Overseer/Accountant/Driver/Receptionist,http://www.jobsnepal.com/job/site-engineer-overseer-accountant-driver-receptionist/111267
Officer/Management Trainee/Assistant/Acca Trainees,http://www.jobsnepal.com/job/officer-management-trainee-assistant-acca-trainees/111266
Education Coordinator,http://www.jobsnepal.com/job/education-coordinator/111265
Receptionist,http://www.jobsnepal.com/job/receptionist/111264
Ticketing Officer/Tour & Tracking Officer,http://www.jobsnepal.com/job/ticketing-officer-tour-tracking-officer/111263
Sales And Marketing Manager/Officer,http://www.jobsnepal.com/job/sales-and-marketing-manager-officer/111262
Lecturer/Professor,http://www.jobsnepal.com/job/lecturer-professor/111261
Sales Manager/Sales Officer/Receivable Officer,http://www.jobsnepal.com/job/sales-manager-sales-officer-receivable-officer/111260
Business Development Officer/Area Business Manager,http://www.jobsnepal.com/job/business-development-officer-area-business-manager/111259
